GroupNumber,NameOfGroup,UserID,MemberName,Rank,GoalReached
1,All Must Go,1,Landon Dennis,2,95
5,Cut it Out,2,Dean Frye,7,65
14,Lean Into It,3,Geraldo Rosario,6,70
27,VegMe,4,Rebekah Carroll,5,75
2,Born to Lose,5,Rudolf Buck,6,70
13,Kilo Zoom,6,Prince Richmond,4,80
3,Body Toners,7,Cesar Hodge,5,75
16,Metabolism Maniacs,8,Bo Knight,5,75
10,Going the Distance,9,Douglas Wong,7,65
1,All Must Go,10,Desiree Hampton,1,95
12,Hot Bod Makers,11,Max Odonnell,2,90
9,Fitness Chasers,12,Toby Williamson,6,70
4,Caloright,13,Bert Villanueva,1,95
15,Masters of the Gym,14,Stephen Mccall,8,60
2,Born to Lose,15,Jarrod Morse,7,65
6,Downsizers,16,Elton Casey,6,70
26,The Shedding Machines,17,Theron Harvey,7,65
5,Cut it Out,18,Geneva Frost,1,95
19,Pizza Shut,19,Marshall Maxwell,4,80
13,Kilo Zoom,20,Colin Travis,5,75
3,Body Toners,21,Jeff Wright,1,95
18,No Less No More,22,Tamika Roach,7,65
7,Dwindling Divas,23,Herman Malone,2,90
21,Reducers,24,Rosa Turner,1,95
4,Caloright,25,Kip Nixon,2,90
16,Metabolism Maniacs,26,Korey Morrow,6,70
11,Health Warriors,27,Manuel Mora,8,60
1,All Must Go,28,Georgette Powers,6,70
15,Masters of the Gym,29,Parker Fox,1,95
9,Fitness Chasers,30,Orlando Black,7,65
10,Going the Distance,31,Rosella Walter,1,95
23,Slim N Trim,32,Lacey Conway,4,80
3,Body Toners,33,Lanny Bryan,6,70
14,Lean Into It,34,Ebony Moore,7,65
22,Run for Life,35,Jeannine Hayden,1,95
8,Fit Avatars,36,Jewell Rocha,5,75
2,Born to Lose,37,Christa English,5,75
12,Hot Bod Makers,38,Dallas Marquez,3,85
5,Cut it Out,39,Bryant Norris,2,90
24,Team Zero,40,Bianca Valenzuela,2,90
4,Caloright,41,Dong Page,3,85
11,Health Warriors,42,Jordan James,7,57
6,Downsizers,43,Everette Webster,7,65
17,Net Loss,44,Chester Schwartz,1,95
1,All Must Go,45,Shad Peters,7,65
25,The Breakers,46,Jackie Fleming,1,95
16,Metabolism Maniacs,47,Arthur Vasquez,7,65
7,Dwindling Divas,48,Glenna Hanson,6,70
23,Slim N Trim,49,Elvis Calhoun,5,75
18,No Less No More,50,Forest Daniel,1,95
13,Kilo Zoom,51,Esmeralda Martin,6,70
3,Body Toners,52,Sonny Lucero,7,65
21,Reducers,53,Ava Rogers,2,90
19,Pizza Shut,54,Devon French,5,75
9,Fitness Chasers,55,Irma Meadows,1,95
22,Run for Life,56,Miguel Ho,2,90
27,VegMe,57,Noble Harmon,6,70
2,Born to Lose,58,Garth Avery,1,95
25,The Breakers,59,Flora Wolf,2,90
10,Going the Distance,60,Bette Knapp,2,90
9,Fitness Chasers,61,Nell Mcgrath,2,90
26,The Shedding Machines,62,Fern Osborne,1,95
28,Weigh Less,63,Shon Holder,6,70
6,Downsizers,64,Janell Pham,1,95
7,Dwindling Divas,65,Celina Reese,3,85
11,Health Warriors,66,Freddie Rubio,6,70
8,Fit Avatars,67,Winfred Petty,6,70
15,Masters of the Gym,68,Megan Barron,2,90
24,Team Zero,69,Tricia Joseph,3,85
26,The Shedding Machines,70,Erick Barrera,2,90
23,Slim N Trim,71,Kitty Phelps,6,70
14,Lean Into It,72,Patti Cabrera,1,95
28,Weigh Less,73,Major Austin,7,65
5,Cut it Out,74,Kelli Lara,3,85
17,Net Loss,75,Rita Riggs,2,90
9,Fitness Chasers,76,Christine Oconnor,3,85
25,The Breakers,77,Toney Guerrero,3,85
3,Body Toners,78,Maryanne Rios,8,60
25,The Breakers,79,Federico Graham,4,80
12,Hot Bod Makers,80,Darron Bonilla,4,80
14,Lean Into It,81,Romeo Oliver,2,90
10,Going the Distance,82,Loren Zuniga,3,85
4,Caloright,83,Brandon Conley,4,80
22,Run for Life,84,Renato Santos,3,85
13,Kilo Zoom,85,Stacy Burch,7,65
27,VegMe,86,Annie Levine,7,65
2,Born to Lose,87,Stephanie Friedman,2,90
20,Pound Droppers,88,Johnnie Sexton,1,95
9,Fitness Chasers,89,Cory Nash,4,80
16,Metabolism Maniacs,90,Tyree Sanders,8,60
8,Fit Avatars,91,Dewitt Fischer,1,95
25,The Breakers,92,Garret Thomas,5,75
15,Masters of the Gym,93,Sara Horton,3,85
21,Reducers,94,Marisol Pittman,3,85
6,Downsizers,95,Oscar Parker,2,90
18,No Less No More,96,Darrell Bowers,2,90
24,Team Zero,97,Reid Knox,4,80
11,Health Warriors,98,Lavonne Chaney,5,75
28,Weigh Less,99,Rosendo Orozco,1,95
19,Pizza Shut,100,Jeanie Gay,6,70
3,Body Toners,101,Alyson Heath,2,90
7,Dwindling Divas,102,Lillian Fry,4,80
29,What the Fit,103,Barney Paul,1,95
23,Slim N Trim,104,Tobias Lamb,1,95
10,Going the Distance,105,Bobbie Hester,4,80
29,What the Fit,106,Beryl Cisneros,2,90
20,Pound Droppers,107,Kristofer Decker,2,90
4,Caloright,108,Newton Gonzales,5,75
26,The Shedding Machines,109,Randi Jacobson,3,85
12,Hot Bod Makers,110,Dudley Tanner,5,75
25,The Breakers,111,Glenda Bruce,6,70
5,Cut it Out,112,Tommie Robinson,4,80
29,What the Fit,113,Caitlin Mcclain,3,85
18,No Less No More,114,Chuck Farrell,3,85
1,All Must Go,115,Hoyt Everett,3,85
29,What the Fit,116,Sherwood Kirby,4,80
15,Masters of the Gym,117,Chrystal Yates,4,80
11,Health Warriors,118,Rachelle Weeks,4,80
29,What the Fit,119,Derek Hicks,5,75
14,Lean Into It,120,Herminia Ray,3,85
22,Run for Life,121,Monte Romero,4,80
4,Caloright,122,Mari Munoz,6,70
24,Team Zero,123,Letitia Christensen,5,75
16,Metabolism Maniacs,124,Patty Trujillo,1,95
28,Weigh Less,125,Noelle Fields,2,90
28,Weigh Less,126,Antonio Lucas,8,60
18,No Less No More,127,Rodney Small,4,80
2,Born to Lose,128,Summer Hall,3,85
21,Reducers,129,Traci Blake,4,80
13,Kilo Zoom,130,Gwendolyn Cross,1,95
8,Fit Avatars,131,Shelley Walters,2,90
29,What the Fit,132,Noah Rojas,6,70
17,Net Loss,133,Wilma Thompson,3,85
6,Downsizers,134,Charmaine Chan,3,85
29,What the Fit,135,Stewart Rangel,7,65
15,Masters of the Gym,136,Brad Mcintyre,5,75
29,What the Fit,137,Curt Bradford,8,60
20,Pound Droppers,138,Jolene Gutierrez,3,85
26,The Shedding Machines,139,Lucas Mckinney,4,80
27,VegMe,140,Noemi Howe,8,60
11,Health Warriors,141,Elsa Mccoy,3,85
23,Slim N Trim,142,Cathleen Hartman,2,90
19,Pizza Shut,143,Corinne Vega,1,95
10,Going the Distance,144,Russell Tran,5,75
27,VegMe,145,Charlene Kaufman,1,95
14,Lean Into It,146,Wayne Blanchard,4,80
26,The Shedding Machines,147,Cathryn Petersen,5,75
2,Born to Lose,148,Latoya Lam,4,80
16,Metabolism Maniacs,149,Michele Wang,2,90
28,Weigh Less,150,Elvira Bean,3,85
7,Dwindling Divas,151,Thomas Coffey,1,95
28,Weigh Less,152,Kelly Ford,4,80
12,Hot Bod Makers,153,Ward Clarke,6,70
3,Body Toners,154,Bradley Adkins,4,80
28,Weigh Less,155,Jeffery Short,5,75
11,Health Warriors,156,Benton Nunez,2,90
25,The Breakers,157,Edmond Hayes,7,65
5,Cut it Out,158,Penny Roth,5,75
13,Kilo Zoom,159,Ines Berg,2,90
27,VegMe,160,Gloria Barnes,2,90
22,Run for Life,161,Cindy Trevino,5,75
1,All Must Go,162,Kurt Lindsey,4,80
21,Reducers,163,Marlene Sullivan,5,75
15,Masters of the Gym,164,Jamaal Bender,6,70
10,Going the Distance,165,Aldo Lewis,6,70
27,VegMe,166,Genaro Berger,3,85
6,Downsizers,167,Staci Lee,4,80
18,No Less No More,168,Angelita Humphrey,5,75
8,Fit Avatars,169,Jose Whitney,3,85
20,Pound Droppers,170,Leigh Donovan,4,80
4,Caloright,171,Jacquelyn Montgomery,7,65
23,Slim N Trim,172,George Cain,3,85
12,Hot Bod Makers,173,Karla Solis,7,65
19,Pizza Shut,174,Miquel Herring,2,90
11,Health Warriors,175,Mandy Mejia,1,95
26,The Shedding Machines,176,Elbert Gilmore,6,70
16,Metabolism Maniacs,177,Kaye Villarreal,3,85
27,VegMe,178,Margery Carney,4,80
24,Team Zero,179,Jacques Richard,1,95
7,Dwindling Divas,180,Sonya Kirk,5,75
21,Reducers,181,Blake Barajas,6,70
5,Cut it Out,182,Edith Morales,6,70
15,Masters of the Gym,183,Silas Nguyen,7,65
30,Workout Wonders,184,Varun Bhandari,4,80
16,Metabolism Maniacs,185,Otto Reed,4,80
3,Body Toners,186,Jerri Bradshaw,3,85
18,No Less No More,187,Clarice Mathis,6,70
14,Lean Into It,188,Chong Bryant,5,75
13,Kilo Zoom,189,Wilburn Middleton,3,85
30,Workout Wonders,190,Niharika Mishra,1,95
9,Fitness Chasers,191,Yesenia Carson,5,75
19,Pizza Shut,192,Mark Duncan,3,85
30,Workout Wonders,193,Kishan Patel,3,85
1,All Must Go,194,Willie Dorsey,5,75
6,Downsizers,195,Roxie Craig,5,75
17,Net Loss,196,Valarie Wade,4,80
12,Hot Bod Makers,197,Quinn Madden,1,95
30,Workout Wonders,198,Arti Patel,2,90
8,Fit Avatars,199,Ethan Howard,4,80
4,Caloright,200,Julian Delacruz,8,60