GroupNumber, NameOfGroup, TrainingType, CalorieGoal
1,All Must Go,Cardio,500-1000
2,Born to Lose,Cardio,1000-2000
3,Body Toners,Toning,500-1000
4,Caloright,Cardio,2000-3000
5,Cut it Out,Toning,1000-2000
6,Downsizers,Yoga,500-1000
7,Dwindling Divas,Yoga,500-1000
8,Fit Avatars,Strength Training,500-1000
9,Fitness Chasers,Strength Training,1000-2000
10,Going the Distance,Yoga,500-1000
11,Health Warriors,Yoga,500-1000
12,Hot Bod Makers,Strength Training,2000-3000
13,Kilo Zoom,Cardio,3000+
14,Lean Into It,Toning,2000-3000
15,Masters of the Gym,Strength Training,3000+
16,Metabolism Maniacs,Yoga,500-1000
17,Net Loss,Cardio,500-1000
18,No Less No More,Toning,3000+
19,Pizza Shut,Cardio,1000-2000
20,Pound Droppers,Cardio,2000-3000
21,Reducers,Cardio,3000+
22,Run for Life,Yoga,500-1000
23,Slim N Trim,Toning,500-1000
24,Team Zero,Toning,1000-2000
25,The Breakers,Strength Training,500-1000
26,The Shedding Machines,Cardio,500-1000
27,VegMe,Yoga,500-1000
28,Weigh Less,Cardio,1000-2000
29,What the Fit,Strength Training,1000-2000
30,Workout Wonders,Strength Training,2000-3000